epoch,train_p,loss,logical_error_estimator,error_on_estimator
0,0.005,0.15205334476447085,0.020709,0.0001006979079201748
1,0.001,0.020844214118320444,0.0219135,0.00010352125027681514
2,0.004,0.07953839932152529,0.0188485,9.615933144461332e-05
3,0.004,0.07449200108888401,0.018116,9.430750379476703e-05
4,0.004,0.07267572180305121,0.0175235,9.278045846984698e-05
5,0.002,0.034048021913476244,0.017563,9.28831013451855e-05
6,0.004,0.07079308713594025,0.0170025,9.141502883484203e-05
7,0.003,0.05149769066197802,0.016409,8.983246829237188e-05
8,0.005,0.08800303359639215,0.016641,9.04546215485975e-05
9,0.001,0.016852284441902617,0.016417,8.985399855042625e-05
10,0.001,0.017915811589659138,0.0171755,9.187083922483238e-05
11,0.005,0.08720077981685015,0.0163645,8.971260541236667e-05
12,0.003,0.05011554223155786,0.016469,8.999381100664646e-05
13,0.002,0.032354203035239726,0.016387,8.97732316200102e-05
14,0.001,0.016246965250025704,0.0164275,8.98822486471884e-05
15,0.002,0.033083884187644484,0.016904,9.115441509877621e-05
16,0.002,0.03326795384828969,0.0165415,9.018835506247466e-05
17,0.001,0.016331223424944023,0.0164485,8.993872038157425e-05
18,0.002,0.034303519633597665,0.016179,8.921109784942679e-05
19,0.005,0.08587970769008585,0.0158945,8.843603583876314e-05
20,0.004,0.06632550543116345,0.0158885,8.841961198667974e-05
21,0.001,0.01632296395991783,0.016067,8.890683750702192e-05
22,0.004,0.06745317539088236,0.0157145,8.794189698246792e-05
23,0.001,0.015868466348573012,0.0157925,8.815638644973488e-05
24,0.003,0.049605384128795706,0.0161035,8.900611576669886e-05
25,0.004,0.06669843771887926,0.0161795,8.921245367029762e-05
26,0.001,0.01621938540938236,0.0158395,8.828536186636492e-05
27,0.002,0.03101395563237571,0.0158005,8.817835391905997e-05
28,0.004,0.06681802207961415,0.0159925,8.870383290408031e-05
29,0.004,0.06632586765058703,0.015715,8.79432736910561e-05
30,0.004,0.06599312826020834,0.0157865,8.813990701648715e-05
31,0.001,0.014849572166663669,0.0158845,8.840866094379554e-05
32,0.002,0.03150367477733887,0.0160245,8.879109020546488e-05
33,0.002,0.031004454054082926,0.0158075,8.819757066878317e-05
34,0.002,0.03265020756737123,0.0160855,8.89571714077904e-05
35,0.001,0.016361531472974197,0.015975,8.865607529944013e-05
36,0.003,0.04836808080326603,0.0159385,8.855637813774342e-05
37,0.005,0.08322622761928794,0.01563,8.770890234178057e-05
38,0.004,0.06516344074192683,0.0157455,8.802720951430302e-05
39,0.004,0.06542030670582842,0.015631,8.771166353171053e-05
40,0.003,0.04789116243425619,0.015896,8.844014129341947e-05
41,0.005,0.08318006399606383,0.015416,8.711586234435151e-05
42,0.003,0.04803845899717674,0.015445,8.719647921504629e-05
43,0.001,0.014785245533862207,0.015659,8.778893927767893e-05
44,0.001,0.016075558444495593,0.01631,8.956557346436184e-05
45,0.005,0.08450875301853894,0.0156255,8.769647584068017e-05
46,0.001,0.01609340872841035,0.0155735,8.755274438231506e-05
47,0.005,0.08345616022038065,0.0154525,8.721731549339844e-05
48,0.002,0.031436910301888214,0.015662,8.77972145230132e-05
49,0.005,0.08234502374544587,0.0155205,8.74059897253901e-05
